Workbook

Sheet National Teams
A1: Rank | B1: Nation | C1: Confederation | D1: Population (m) | E1: Reputation (std) | F1: Var base (population) | G1: Var modifier | H1: Reputation (var) | I1: Range low | J1: Range high | K1: Modifier reason
A2: =RANK(E2,$E$2:$E$212,0) -> 1 | B2: France | C2: UEFA | D2: 68.4 | E2: 85 | F2: =IF(D2<Notes!$B$6,Notes!$C$6,IF(D2<Notes!$B$7,Notes!$C$7,IF(D2<Notes!$B$8,Notes!$C$8,Notes!$C$9))) -> 2 | G2: 0 | H2: =MIN(Notes!$B$3,MAX(1,F2+G2)) -> 2 | I2: =E2-H2 -> 83 | J2: =MIN(E2+H2,Notes!$B$2) -> 85
A3: =RANK(E3,$E$2:$E$212,0) -> 1 | B3: Spain | C3: UEFA | D3: 48.6 | E3: 85 | F3: =IF(D3<Notes!$B$6,Notes!$C$6,IF(D3<Notes!$B$7,Notes!$C$7,IF(D3<Notes!$B$8,Notes!$C$8,Notes!$C$9))) -> 2 | G3: 0 | H3: =MIN(Notes!$B$3,MAX(1,F3+G3)) -> 2 | I3: =E3-H3 -> 83 | J3: =MIN(E3+H3,Notes!$B$2) -> 85
A4: =RANK(E4,$E$2:$E$212,0) -> 3 | B4: Argentina | C4: CONMEBOL | D4: 46 | E4: 84 | F4: =IF(D4<Notes!$B$6,Notes!$C$6,IF(D4<Notes!$B$7,Notes!$C$7,IF(D4<Notes!$B$8,Notes!$C$8,Notes!$C$9))) -> 2 | G4: 0 | H4: =MIN(Notes!$B$3,MAX(1,F4+G4)) -> 2 | I4: =E4-H4 -> 82 | J4: =MIN(E4+H4,Notes!$B$2) -> 85
A5: =RANK(E5,$E$2:$E$212,0) -> 3 | B5: England | C5: UEFA | D5: 57.1 | E5: 84 | F5: =IF(D5<Notes!$B$6,Notes!$C$6,IF(D5<Notes!$B$7,Notes!$C$7,IF(D5<Notes!$B$8,Notes!$C$8,Notes!$C$9))) -> 2 | G5: 0 | H5: =MIN(Notes!$B$3,MAX(1,F5+G5)) -> 2 | I5: =E5-H5 -> 82 | J5: =MIN(E5+H5,Notes!$B$2) -> 85
A6: =RANK(E6,$E$2:$E$212,0) -> 3 | B6: Brazil | C6: CONMEBOL | D6: 213 | E6: 84 | F6: =IF(D6<Notes!$B$6,Notes!$C$6,IF(D6<Notes!$B$7,Notes!$C$7,IF(D6<Notes!$B$8,Notes!$C$8,Notes!$C$9))) -> 2 | G6: 0 | H6: =MIN(Notes!$B$3,MAX(1,F6+G6)) -> 2 | I6: =E6-H6 -> 82 | J6: =MIN(E6+H6,Notes!$B$2) -> 85
A7: =RANK(E7,$E$2:$E$212,0) -> 7 | B7: Portugal | C7: UEFA | D7: 10.6 | E7: 83 | F7: =IF(D7<Notes!$B$6,Notes!$C$6,IF(D7<Notes!$B$7,Notes!$C$7,IF(D7<Notes!$B$8,Notes!$C$8,Notes!$C$9))) -> 4 | G7: 0 | H7: =MIN(Notes!$B$3,MAX(1,F7+G7)) -> 4 | I7: =E7-H7 -> 79 | J7: =MIN(E7+H7,Notes!$B$2) -> 85
A8: =RANK(E8,$E$2:$E$212,0) -> 3 | B8: Germany | C8: UEFA | D8: 83.5 | E8: 84 | F8: =IF(D8<Notes!$B$6,Notes!$C$6,IF(D8<Notes!$B$7,Notes!$C$7,IF(D8<Notes!$B$8,Notes!$C$8,Notes!$C$9))) -> 2 | G8: 0 | H8: =MIN(Notes!$B$3,MAX(1,F8+G8)) -> 2 | I8: =E8-H8 -> 82 | J8: =MIN(E8+H8,Notes!$B$2) -> 85
A9: =RANK(E9,$E$2:$E$212,0) -> 7 | B9: Netherlands | C9: UEFA | D9: 18 | E9: 83 | F9: =IF(D9<Notes!$B$6,Notes!$C$6,IF(D9<Notes!$B$7,Notes!$C$7,IF(D9<Notes!$B$8,Notes!$C$8,Notes!$C$9))) -> 3 | G9: 0 | H9: =MIN(Notes!$B$3,MAX(1,F9+G9)) -> 3 | I9: =E9-H9 -> 80 | J9: =MIN(E9+H9,Notes!$B$2) -> 85
A10: =RANK(E10,$E$2:$E$212,0) -> 10 | B10: Morocco | C10: CAF | D10: 37.8 | E10: 82 | F10: =IF(D10<Notes!$B$6,Notes!$C$6,IF(D10<Notes!$B$7,Notes!$C$7,IF(D10<Notes!$B$8,Notes!$C$8,Notes!$C$9))) -> 3 | G10: 1 | H10: =MIN(Notes!$B$3,MAX(1,F10+G10)) -> 4 | I10: =E10-H10 -> 78 | J10: =MIN(E10+H10,Notes!$B$2) -> 85 | K10: Diaspora-dependent squad
A11: =RANK(E11,$E$2:$E$212,0) -> 11 | B11: Belgium | C11: UEFA | D11: 11.8 | E11: 80 | F11: =IF(D11<Notes!$B$6,Notes!$C$6,IF(D11<Notes!$B$7,Notes!$C$7,IF(D11<Notes!$B$8,Notes!$C$8,Notes!$C$9))) -> 4 | G11: 0 | H11: =MIN(Notes!$B$3,MAX(1,F11+G11)) -> 4 | I11: =E11-H11 -> 76 | J11: =MIN(E11+H11,Notes!$B$2) -> 84
A12: =RANK(E12,$E$2:$E$212,0) -> 7 | B12: Italy | C12: UEFA | D12: 59 | E12: 83 | F12: =IF(D12<Notes!$B$6,Notes!$C$6,IF(D12<Notes!$B$7,Notes!$C$7,IF(D12<Notes!$B$8,Notes!$C$8,Notes!$C$9))) -> 2 | G12: 0 | H12: =MIN(Notes!$B$3,MAX(1,F12+G12)) -> 2 | I12: =E12-H12 -> 81 | J12: =MIN(E12+H12,Notes!$B$2) -> 85
A13: =RANK(E13,$E$2:$E$212,0) -> 11 | B13: Colombia | C13: CONMEBOL | D13: 53 | E13: 80 | F13: =IF(D13<Notes!$B$6,Notes!$C$6,IF(D13<Notes!$B$7,Notes!$C$7,IF(D13<Notes!$B$8,Notes!$C$8,Notes!$C$9))) -> 2 | G13: 0 | H13: =MIN(Notes!$B$3,MAX(1,F13+G13)) -> 2 | I13: =E13-H13 -> 78 | J13: =MIN(E13+H13,Notes!$B$2) -> 82
A14: =RANK(E14,$E$2:$E$212,0) -> 11 | B14: Uruguay | C14: CONMEBOL | D14: 3.4 | E14: 80 | F14: =IF(D14<Notes!$B$6,Notes!$C$6,IF(D14<Notes!$B$7,Notes!$C$7,IF(D14<Notes!$B$8,Notes!$C$8,Notes!$C$9))) -> 5 | G14: 0 | H14: =MIN(Notes!$B$3,MAX(1,F14+G14)) -> 5 | I14: =E14-H14 -> 75 | J14: =MIN(E14+H14,Notes!$B$2) -> 85
A15: =RANK(E15,$E$2:$E$212,0) -> 17 | B15: Croatia | C15: UEFA | D15: 3.86 | E15: 78 | F15: =IF(D15<Notes!$B$6,Notes!$C$6,IF(D15<Notes!$B$7,Notes!$C$7,IF(D15<Notes!$B$8,Notes!$C$8,Notes!$C$9))) -> 5 | G15: 0 | H15: =MIN(Notes!$B$3,MAX(1,F15+G15)) -> 5 | I15: =E15-H15 -> 73 | J15: =MIN(E15+H15,Notes!$B$2) -> 83
A16: =RANK(E16,$E$2:$E$212,0) -> 14 | B16: Japan | C16: AFC | D16: 123.5 | E16: 79 | F16: =IF(D16<Notes!$B$6,Notes!$C$6,IF(D16<Notes!$B$7,Notes!$C$7,IF(D16<Notes!$B$8,Notes!$C$8,Notes!$C$9))) -> 2 | G16: 0 | H16: =MIN(Notes!$B$3,MAX(1,F16+G16)) -> 2 | I16: =E16-H16 -> 77 | J16: =MIN(E16+H16,Notes!$B$2) -> 81
A17: =RANK(E17,$E$2:$E$212,0) -> 17 | B17: Senegal | C17: CAF | D17: 18.5 | E17: 78 | F17: =IF(D17<Notes!$B$6,Notes!$C$6,IF(D17<Notes!$B$7,Notes!$C$7,IF(D17<Notes!$B$8,Notes!$C$8,Notes!$C$9))) -> 3 | G17: 1 | H17: =MIN(Notes!$B$3,MAX(1,F17+G17)) -> 4 | I17: =E17-H17 -> 74 | J17: =MIN(E17+H17,Notes!$B$2) -> 82 | K17: Diaspora-dependent squad
A18: =RANK(E18,$E$2:$E$212,0) -> 19 | B18: Mexico | C18: CONCACAF | D18: 131 | E18: 77 | F18: =IF(D18<Notes!$B$6,Notes!$C$6,IF(D18<Notes!$B$7,Notes!$C$7,IF(D18<Notes!$B$8,Notes!$C$8,Notes!$C$9))) -> 2 | G18: 0 | H18: =MIN(Notes!$B$3,MAX(1,F18+G18)) -> 2 | I18: =E18-H18 -> 75 | J18: =MIN(E18+H18,Notes!$B$2) -> 79
A19: =RANK(E19,$E$2:$E$212,0) -> 14 | B19: Norway | C19: UEFA | D19: 5.6 | E19: 79 | F19: =IF(D19<Notes!$B$6,Notes!$C$6,IF(D19<Notes!$B$7,Notes!$C$7,IF(D19<Notes!$B$8,Notes!$C$8,Notes!$C$9))) -> 4 | G19: 0 | H19: =MIN(Notes!$B$3,MAX(1,F19+G19)) -> 4 | I19: =E19-H19 -> 75 | J19: =MIN(E19+H19,Notes!$B$2) -> 83
A20: =RANK(E20,$E$2:$E$212,0) -> 14 | B20: Switzerland | C20: UEFA | D20: 9 | E20: 79 | F20: =IF(D20<Notes!$B$6,Notes!$C$6,IF(D20<Notes!$B$7,Notes!$C$7,IF(D20<Notes!$B$8,Notes!$C$8,Notes!$C$9))) -> 4 | G20: 0 | H20: =MIN(Notes!$B$3,MAX(1,F20+G20)) -> 4 | I20: =E20-H20 -> 75 | J20: =MIN(E20+H20,Notes!$B$2) -> 83
A21: =RANK(E21,$E$2:$E$212,0) -> 19 | B21: United States | C21: CONCACAF | D21: 340 | E21: 77 | F21: =IF(D21<Notes!$B$6,Notes!$C$6,IF(D21<Notes!$B$7,Notes!$C$7,IF(D21<Notes!$B$8,Notes!$C$8,Notes!$C$9))) -> 2 | G21: 1 | H21: =MIN(Notes!$B$3,MAX(1,F21+G21)) -> 3 | I21: =E21-H21 -> 74 | J21: =MIN(E21+H21,Notes!$B$2) -> 80 | K21: Emerging / investment-driven programme
A22: =RANK(E22,$E$2:$E$212,0) -> 19 | B22: Ecuador | C22: CONMEBOL | D22: 18 | E22: 77 | F22: =IF(D22<Notes!$B$6,Notes!$C$6,IF(D22<Notes!$B$7,Notes!$C$7,IF(D22<Notes!$B$8,Notes!$C$8,Notes!$C$9))) -> 3 | G22: 0 | H22: =MIN(Notes!$B$3,MAX(1,F22+G22)) -> 3 | I22: =E22-H22 -> 74 | J22: =MIN(E22+H22,Notes!$B$2) -> 80
A23: =RANK(E23,$E$2:$E$212,0) -> 19 | B23: Denmark | C23: UEFA | D23: 6 | E23: 77 | F23: =IF(D23<Notes!$B$6,Notes!$C$6,IF(D23<Notes!$B$7,Notes!$C$7,IF(D23<Notes!$B$8,Notes!$C$8,Notes!$C$9))) -> 4 | G23: 0 | H23: =MIN(Notes!$B$3,MAX(1,F23+G23)) -> 4 | I23: =E23-H23 -> 73 | J23: =MIN(E23+H23,Notes!$B$2) -> 81
A24: =RANK(E24,$E$2:$E$212,0) -> 19 | B24: Türkiye | C24: UEFA | D24: 85.7 | E24: 77 | F24: =IF(D24<Notes!$B$6,Notes!$C$6,IF(D24<Notes!$B$7,Notes!$C$7,IF(D24<Notes!$B$8,Notes!$C$8,Notes!$C$9))) -> 2 | G24: 1 | H24: =MIN(Notes!$B$3,MAX(1,F24+G24)) -> 3 | I24: =E24-H24 -> 74 | J24: =MIN(E24+H24,Notes!$B$2) -> 80 | K24: Diaspora-dependent squad
A25: =RANK(E25,$E$2:$E$212,0) -> 25 | B25: Ivory Coast | C25: CAF | D25: 31.9 | E25: 76 | F25: =IF(D25<Notes!$B$6,Notes!$C$6,IF(D25<Notes!$B$7,Notes!$C$7,IF(D25<Notes!$B$8,Notes!$C$8,Notes!$C$9))) -> 3 | G25: 1 | H25: =MIN(Notes!$B$3,MAX(1,F25+G25)) -> 4 | I25: =E25-H25 -> 72 | J25: =MIN(E25+H25,Notes!$B$2) -> 80 | K25: Diaspora-dependent squad
A26: =RANK(E26,$E$2:$E$212,0) -> 25 | B26: Nigeria | C26: CAF | D26: 230 | E26: 76 | F26: =IF(D26<Notes!$B$6,Notes!$C$6,IF(D26<Notes!$B$7,Notes!$C$7,IF(D26<Notes!$B$8,Notes!$C$8,Notes!$C$9))) -> 2 | G26: 0 | H26: =MIN(Notes!$B$3,MAX(1,F26+G26)) -> 2 | I26: =E26-H26 -> 74 | J26: =MIN(E26+H26,Notes!$B$2) -> 78
A27: =RANK(E27,$E$2:$E$212,0) -> 25 | B27: Austria | C27: UEFA | D27: 9.2 | E27: 76 | F27: =IF(D27<Notes!$B$6,Notes!$C$6,IF(D27<Notes!$B$7,Notes!$C$7,IF(D27<Notes!$B$8,Notes!$C$8,Notes!$C$9))) -> 4 | G27: 0 | H27: =MIN(Notes!$B$3,MAX(1,F27+G27)) -> 4 | I27: =E27-H27 -> 72 | J27: =MIN(E27+H27,Notes!$B$2) -> 80
A28: =RANK(E28,$E$2:$E$212,0) -> 19 | B28: South Korea | C28: AFC | D28: 51.7 | E28: 77 | F28: =IF(D28<Notes!$B$6,Notes!$C$6,IF(D28<Notes!$B$7,Notes!$C$7,IF(D28<Notes!$B$8,Notes!$C$8,Notes!$C$9))) -> 2 | G28: 0 | H28: =MIN(Notes!$B$3,MAX(1,F28+G28)) -> 2 | I28: =E28-H28 -> 75 | J28: =MIN(E28+H28,Notes!$B$2) -> 79
A29: =RANK(E29,$E$2:$E$212,0) -> 28 | B29: Algeria | C29: CAF | D29: 47 | E29: 75 | F29: =IF(D29<Notes!$B$6,Notes!$C$6,IF(D29<Notes!$B$7,Notes!$C$7,IF(D29<Notes!$B$8,Notes!$C$8,Notes!$C$9))) -> 2 | G29: 1 | H29: =MIN(Notes!$B$3,MAX(1,F29+G29)) -> 3 | I29: =E29-H29 -> 72 | J29: =MIN(E29+H29,Notes!$B$2) -> 78 | K29: Diaspora-dependent squad
A30: =RANK(E30,$E$2:$E$212,0) -> 28 | B30: Egypt | C30: CAF | D30: 116 | E30: 75 | F30: =IF(D30<Notes!$B$6,Notes!$C$6,IF(D30<Notes!$B$7,Notes!$C$7,IF(D30<Notes!$B$8,Notes!$C$8,Notes!$C$9))) -> 2 | G30: 0 | H30: =MIN(Notes!$B$3,MAX(1,F30+G30)) -> 2 | I30: =E30-H30 -> 73 | J30: =MIN(E30+H30,Notes!$B$2) -> 77
A31: =RANK(E31,$E$2:$E$212,0) -> 28 | B31: Canada | C31: CONCACAF | D31: 41.5 | E31: 75 | F31: =IF(D31<Notes!$B$6,Notes!$C$6,IF(D31<Notes!$B$7,Notes!$C$7,IF(D31<Notes!$B$8,Notes!$C$8,Notes!$C$9))) -> 2 | G31: 1 | H31: =MIN(Notes!$B$3,MAX(1,F31+G31)) -> 3 | I31: =E31-H31 -> 72 | J31: =MIN(E31+H31,Notes!$B$2) -> 78 | K31: Emerging / investment-driven programme
A32: =RANK(E32,$E$2:$E$212,0) -> 33 | B32: Paraguay | C32: CONMEBOL | D32: 6.9 | E32: 74 | F32: =IF(D32<Notes!$B$6,Notes!$C$6,IF(D32<Notes!$B$7,Notes!$C$7,IF(D32<Notes!$B$8,Notes!$C$8,Notes!$C$9))) -> 4 | G32: 0 | H32: =MIN(Notes!$B$3,MAX(1,F32+G32)) -> 4 | I32: =E32-H32 -> 70 | J32: =MIN(E32+H32,Notes!$B$2) -> 78
A33: =RANK(E33,$E$2:$E$212,0) -> 28 | B33: Sweden | C33: UEFA | D33: 10.6 | E33: 75 | F33: =IF(D33<Notes!$B$6,Notes!$C$6,IF(D33<Notes!$B$7,Notes!$C$7,IF(D33<Notes!$B$8,Notes!$C$8,Notes!$C$9))) -> 4 | G33: 0 | H33: =MIN(Notes!$B$3,MAX(1,F33+G33)) -> 4 | I33: =E33-H33 -> 71 | J33: =MIN(E33+H33,Notes!$B$2) -> 79
A34: =RANK(E34,$E$2:$E$212,0) -> 28 | B34: Ukraine | C34: UEFA | D34: 33 | E34: 75 | F34: =IF(D34<Notes!$B$6,Notes!$C$6,IF(D34<Notes!$B$7,Notes!$C$7,IF(D34<Notes!$B$8,Notes!$C$8,Notes!$C$9))) -> 3 | G34: 0 | H34: =MIN(Notes!$B$3,MAX(1,F34+G34)) -> 3 | I34: =E34-H34 -> 72 | J34: =MIN(E34+H34,Notes!$B$2) -> 78
A35: =RANK(E35,$E$2:$E$212,0) -> 33 | B35: Iran | C35: AFC | D35: 91 | E35: 74 | F35: =IF(D35<Notes!$B$6,Notes!$C$6,IF(D35<Notes!$B$7,Notes!$C$7,IF(D35<Notes!$B$8,Notes!$C$8,Notes!$C$9))) -> 2 | G35: 0 | H35: =MIN(Notes!$B$3,MAX(1,F35+G35)) -> 2 | I35: =E35-H35 -> 72 | J35: =MIN(E35+H35,Notes!$B$2) -> 76
A36: =RANK(E36,$E$2:$E$212,0) -> 33 | B36: Poland | C36: UEFA | D36: 36.6 | E36: 74 | F36: =IF(D36<Notes!$B$6,Notes!$C$6,IF(D36<Notes!$B$7,Notes!$C$7,IF(D36<Notes!$B$8,Notes!$C$8,Notes!$C$9))) -> 3 | G36: 0 | H36: =MIN(Notes!$B$3,MAX(1,F36+G36)) -> 3 | I36: =E36-H36 -> 71 | J36: =MIN(E36+H36,Notes!$B$2) -> 77
A37: =RANK(E37,$E$2:$E$212,0) -> 33 | B37: Serbia | C37: UEFA | D37: 6.6 | E37: 74 | F37: =IF(D37<Notes!$B$6,Notes!$C$6,IF(D37<Notes!$B$7,Notes!$C$7,IF(D37<Notes!$B$8,Notes!$C$8,Notes!$C$9))) -> 4 | G37: 0 | H37: =MIN(Notes!$B$3,MAX(1,F37+G37)) -> 4 | I37: =E37-H37 -> 70 | J37: =MIN(E37+H37,Notes!$B$2) -> 78
A38: =RANK(E38,$E$2:$E$212,0) -> 45 | B38: Australia | C38: AFC | D38: 27.2 | E38: 72 | F38: =IF(D38<Notes!$B$6,Notes!$C$6,IF(D38<Notes!$B$7,Notes!$C$7,IF(D38<Notes!$B$8,Notes!$C$8,Notes!$C$9))) -> 3 | G38: 0 | H38: =MIN(Notes!$B$3,MAX(1,F38+G38)) -> 3 | I38: =E38-H38 -> 69 | J38: =MIN(E38+H38,Notes!$B$2) -> 75
A39: =RANK(E39,$E$2:$E$212,0) -> 37 | B39: Cameroon | C39: CAF | D39: 29 | E39: 73 | F39: =IF(D39<Notes!$B$6,Notes!$C$6,IF(D39<Notes!$B$7,Notes!$C$7,IF(D39<Notes!$B$8,Notes!$C$8,Notes!$C$9))) -> 3 | G39: 0 | H39: =MIN(Notes!$B$3,MAX(1,F39+G39)) -> 3 | I39: =E39-H39 -> 70 | J39: =MIN(E39+H39,Notes!$B$2) -> 76
A40: =RANK(E40,$E$2:$E$212,0) -> 37 | B40: DR Congo | C40: CAF | D40: 112 | E40: 73 | F40: =IF(D40<Notes!$B$6,Notes!$C$6,IF(D40<Notes!$B$7,Notes!$C$7,IF(D40<Notes!$B$8,Notes!$C$8,Notes!$C$9))) -> 2 | G40: 1 | H40: =MIN(Notes!$B$3,MAX(1,F40+G40)) -> 3 | I40: =E40-H40 -> 70 | J40: =MIN(E40+H40,Notes!$B$2) -> 76 | K40: Diaspora-dependent squad
A41: =RANK(E41,$E$2:$E$212,0) -> 37 | B41: Ghana | C41: CAF | D41: 34.4 | E41: 73 | F41: =IF(D41<Notes!$B$6,Notes!$C$6,IF(D41<Notes!$B$7,Notes!$C$7,IF(D41<Notes!$B$8,Notes!$C$8,Notes!$C$9))) -> 3 | G41: 0 | H41: =MIN(Notes!$B$3,MAX(1,F41+G41)) -> 3 | I41: =E41-H41 -> 70 | J41: =MIN(E41+H41,Notes!$B$2) -> 76
A42: =RANK(E42,$E$2:$E$212,0) -> 37 | B42: Mali | C42: CAF | D42: 24.5 | E42: 73 | F42: =IF(D42<Notes!$B$6,Notes!$C$6,IF(D42<Notes!$B$7,Notes!$C$7,IF(D42<Notes!$B$8,Notes!$C$8,Notes!$C$9))) -> 3 | G42: 0 | H42: =MIN(Notes!$B$3,MAX(1,F42+G42)) -> 3 | I42: =E42-H42 -> 70 | J42: =MIN(E42+H42,Notes!$B$2) -> 76
A43: =RANK(E43,$E$2:$E$212,0) -> 37 | B43: Czechia | C43: UEFA | D43: 10.9 | E43: 73 | F43: =IF(D43<Notes!$B$6,Notes!$C$6,IF(D43<Notes!$B$7,Notes!$C$7,IF(D43<Notes!$B$8,Notes!$C$8,Notes!$C$9))) -> 4 | G43: 0 | H43: =MIN(Notes!$B$3,MAX(1,F43+G43)) -> 4 | I43: =E43-H43 -> 69 | J43: =MIN(E43+H43,Notes!$B$2) -> 77
A44: =RANK(E44,$E$2:$E$212,0) -> 37 | B44: Greece | C44: UEFA | D44: 10.4 | E44: 73 | F44: =IF(D44<Notes!$B$6,Notes!$C$6,IF(D44<Notes!$B$7,Notes!$C$7,IF(D44<Notes!$B$8,Notes!$C$8,Notes!$C$9))) -> 4 | G44: 0 | H44: =MIN(Notes!$B$3,MAX(1,F44+G44)) -> 4 | I44: =E44-H44 -> 69 | J44: =MIN(E44+H44,Notes!$B$2) -> 77
A45: =RANK(E45,$E$2:$E$212,0) -> 37 | B45: Hungary | C45: UEFA | D45: 9.6 | E45: 73 | F45: =IF(D45<Notes!$B$6,Notes!$C$6,IF(D45<Notes!$B$7,Notes!$C$7,IF(D45<Notes!$B$8,Notes!$C$8,Notes!$C$9))) -> 4 | G45: 0 | H45: =MIN(Notes!$B$3,MAX(1,F45+G45)) -> 4 | I45: =E45-H45 -> 69 | J45: =MIN(E45+H45,Notes!$B$2) -> 77
A46: =RANK(E46,$E$2:$E$212,0) -> 37 | B46: Scotland | C46: UEFA | D46: 5.5 | E46: 73 | F46: =IF(D46<Notes!$B$6,Notes!$C$6,IF(D46<Notes!$B$7,Notes!$C$7,IF(D46<Notes!$B$8,Notes!$C$8,Notes!$C$9))) -> 4 | G46: 0 | H46: =MIN(Notes!$B$3,MAX(1,F46+G46)) -> 4 | I46: =E46-H46 -> 69 | J46: =MIN(E46+H46,Notes!$B$2) -> 77
A47: =RANK(E47,$E$2:$E$212,0) -> 45 | B47: Tunisia | C47: CAF | D47: 12.3 | E47: 72 | F47: =IF(D47<Notes!$B$6,Notes!$C$6,IF(D47<Notes!$B$7,Notes!$C$7,IF(D47<Notes!$B$8,Notes!$C$8,Notes!$C$9))) -> 4 | G47: 0 | H47: =MIN(Notes!$B$3,MAX(1,F47+G47)) -> 4 | I47: =E47-H47 -> 68 | J47: =MIN(E47+H47,Notes!$B$2) -> 76
A48: =RANK(E48,$E$2:$E$212,0) -> 45 | B48: Georgia | C48: UEFA | D48: 3.7 | E48: 72 | F48: =IF(D48<Notes!$B$6,Notes!$C$6,IF(D48<Notes!$B$7,Notes!$C$7,IF(D48<Notes!$B$8,Notes!$C$8,Notes!$C$9))) -> 5 | G48: 0 | H48: =MIN(Notes!$B$3,MAX(1,F48+G48)) -> 5 | I48: =E48-H48 -> 67 | J48: =MIN(E48+H48,Notes!$B$2) -> 77
A49: =RANK(E49,$E$2:$E$212,0) -> 45 | B49: Russia | C49: UEFA | D49: 144 | E49: 72 | F49: =IF(D49<Notes!$B$6,Notes!$C$6,IF(D49<Notes!$B$7,Notes!$C$7,IF(D49<Notes!$B$8,Notes!$C$8,Notes!$C$9))) -> 2 | G49: 0 | H49: =MIN(Notes!$B$3,MAX(1,F49+G49)) -> 2 | I49: =E49-H49 -> 70 | J49: =MIN(E49+H49,Notes!$B$2) -> 74
A50: =RANK(E50,$E$2:$E$212,0) -> 49 | B50: South Africa | C50: CAF | D50: 64 | E50: 71 | F50: =IF(D50<Notes!$B$6,Notes!$C$6,IF(D50<Notes!$B$7,Notes!$C$7,IF(D50<Notes!$B$8,Notes!$C$8,Notes!$C$9))) -> 2 | G50: 0 | H50: =MIN(Notes!$B$3,MAX(1,F50+G50)) -> 2 | I50: =E50-H50 -> 69 | J50: =MIN(E50+H50,Notes!$B$2) -> 73
A51: =RANK(E51,$E$2:$E$212,0) -> 49 | B51: Panama | C51: CONCACAF | D51: 4.5 | E51: 71 | F51: =IF(D51<Notes!$B$6,Notes!$C$6,IF(D51<Notes!$B$7,Notes!$C$7,IF(D51<Notes!$B$8,Notes!$C$8,Notes!$C$9))) -> 5 | G51: 0 | H51: =MIN(Notes!$B$3,MAX(1,F51+G51)) -> 5 | I51: =E51-H51 -> 66 | J51: =MIN(E51+H51,Notes!$B$2) -> 76
A52: =RANK(E52,$E$2:$E$212,0) -> 49 | B52: Venezuela | C52: CONMEBOL | D52: 28 | E52: 71 | F52: =IF(D52<Notes!$B$6,Notes!$C$6,IF(D52<Notes!$B$7,Notes!$C$7,IF(D52<Notes!$B$8,Notes!$C$8,Notes!$C$9))) -> 3 | G52: 0 | H52: =MIN(Notes!$B$3,MAX(1,F52+G52)) -> 3 | I52: =E52-H52 -> 68 | J52: =MIN(E52+H52,Notes!$B$2) -> 74
... A57: =RANK(E57,$E$2:$E$212,0) -> 49 | B57: Wales | C57: UEFA | D57: 3.2 | E57: 71 | F57: =IF(D57<Notes!$B$6,Notes!$C$6,IF(D57<Notes!$B$7,Notes!$C$7,IF(D57<Notes!$B$8,Notes!$C$8,Notes!$C$9))) -> 5 | G57: 0 | H57: =MIN(Notes!$B$3,MAX(1,F57+G57)) -> 5 | I57: =E57-H57 -> 66 | J57: =MIN(E57+H57,Notes!$B$2) -> 76
A58: =RANK(E58,$E$2:$E$212,0) -> 68 | B58: Saudi Arabia | C58: AFC | D58: 35 | E58: 68 | F58: =IF(D58<Notes!$B$6,Notes!$C$6,IF(D58<Notes!$B$7,Notes!$C$7,IF(D58<Notes!$B$8,Notes!$C$8,Notes!$C$9))) -> 3 | G58: 1 | H58: =MIN(Notes!$B$3,MAX(1,F58+G58)) -> 4 | I58: =E58-H58 -> 64 | J58: =MIN(E58+H58,Notes!$B$2) -> 72 | K58: Emerging / investment-driven programme
A59: =RANK(E59,$E$2:$E$212,0) -> 68 | B59: Uzbekistan | C59: AFC | D59: 37 | E59: 68 | F59: =IF(D59<Notes!$B$6,Notes!$C$6,IF(D59<Notes!$B$7,Notes!$C$7,IF(D59<Notes!$B$8,Notes!$C$8,Notes!$C$9))) -> 3 | G59: 1 | H59: =MIN(Notes!$B$3,MAX(1,F59+G59)) -> 4 | I59: =E59-H59 -> 64 | J59: =MIN(E59+H59,Notes!$B$2) -> 72 | K59: Emerging / investment-driven programme
A60: =RANK(E60,$E$2:$E$212,0) -> 57 | B60: Burkina Faso | C60: CAF | D60: 23.5 | E60: 70 | F60: =IF(D60<Notes!$B$6,Notes!$C$6,IF(D60<Notes!$B$7,Notes!$C$7,IF(D60<Notes!$B$8,Notes!$C$8,Notes!$C$9))) -> 3 | G60: 0 | H60: =MIN(Notes!$B$3,MAX(1,F60+G60)) -> 3 | I60: =E60-H60 -> 67 | J60: =MIN(E60+H60,Notes!$B$2) -> 73
A61: =RANK(E61,$E$2:$E$212,0) -> 63 | B61: Cape Verde | C61: CAF | D61: 0.53 | E61: 69 | F61: =IF(D61<Notes!$B$6,Notes!$C$6,IF(D61<Notes!$B$7,Notes!$C$7,IF(D61<Notes!$B$8,Notes!$C$8,Notes!$C$9))) -> 5 | G61: 0 | H61: =MIN(Notes!$B$3,MAX(1,F61+G61)) -> 5 | I61: =E61-H61 -> 64 | J61: =MIN(E61+H61,Notes!$B$2) -> 74
A62: =RANK(E62,$E$2:$E$212,0) -> 57 | B62: Chile | C62: CONMEBOL | D62: 19.8 | E62: 70 | F62: =IF(D62<Notes!$B$6,Notes!$C$6,IF(D62<Notes!$B$7,Notes!$C$7,IF(D62<Notes!$B$8,Notes!$C$8,Notes!$C$9))) -> 3 | G62: 0 | H62: =MIN(Notes!$B$3,MAX(1,F62+G62)) -> 3 | I62: =E62-H62 -> 67 | J62: =MIN(E62+H62,Notes!$B$2) -> 73
A63: =RANK(E63,$E$2:$E$212,0) -> 63 | B63: Peru | C63: CONMEBOL | D63: 34 | E63: 69 | F63: =IF(D63<Notes!$B$6,Notes!$C$6,IF(D63<Notes!$B$7,Notes!$C$7,IF(D63<Notes!$B$8,Notes!$C$8,Notes!$C$9))) -> 3 | G63: 0 | H63: =MIN(Notes!$B$3,MAX(1,F63+G63)) -> 3 | I63: =E63-H63 -> 66 | J63: =MIN(E63+H63,Notes!$B$2) -> 72
A64: =RANK(E64,$E$2:$E$212,0) -> 63 | B64: Albania | C64: UEFA | D64: 2.4 | E64: 69 | F64: =IF(D64<Notes!$B$6,Notes!$C$6,IF(D64<Notes!$B$7,Notes!$C$7,IF(D64<Notes!$B$8,Notes!$C$8,Notes!$C$9))) -> 5 | G64: 0 | H64: =MIN(Notes!$B$3,MAX(1,F64+G64)) -> 5 | I64: =E64-H64 -> 64 | J64: =MIN(E64+H64,Notes!$B$2) -> 74
A65: =RANK(E65,$E$2:$E$212,0) -> 68 | B65: Iraq | C65: AFC | D65: 46 | E65: 68 | F65: =IF(D65<Notes!$B$6,Notes!$C$6,IF(D65<Notes!$B$7,Notes!$C$7,IF(D65<Notes!$B$8,Notes!$C$8,Notes!$C$9))) -> 2 | G65: 0 | H65: =MIN(Notes!$B$3,MAX(1,F65+G65)) -> 2 | I65: =E65-H65 -> 66 | J65: =MIN(E65+H65,Notes!$B$2) -> 70
A66: =RANK(E66,$E$2:$E$212,0) -> 71 | B66: Jordan | C66: AFC | D66: 11.5 | E66: 67 | F66: =IF(D66<Notes!$B$6,Notes!$C$6,IF(D66<Notes!$B$7,Notes!$C$7,IF(D66<Notes!$B$8,Notes!$C$8,Notes!$C$9))) -> 4 | G66: 0 | H66: =MIN(Notes!$B$3,MAX(1,F66+G66)) -> 4 | I66: =E66-H66 -> 63 | J66: =MIN(E66+H66,Notes!$B$2) -> 71
A67: =RANK(E67,$E$2:$E$212,0) -> 71 | B67: Qatar | C67: AFC | D67: 3 | E67: 67 | F67: =IF(D67<Notes!$B$6,Notes!$C$6,IF(D67<Notes!$B$7,Notes!$C$7,IF(D67<Notes!$B$8,Notes!$C$8,Notes!$C$9))) -> 5 | G67: 0 | H67: =MIN(Notes!$B$3,MAX(1,F67+G67)) -> 5 | I67: =E67-H67 -> 62 | J67: =MIN(E67+H67,Notes!$B$2) -> 72
A68: =RANK(E68,$E$2:$E$212,0) -> 57 | B68: Costa Rica | C68: CONCACAF | D68: 5.2 | E68: 70 | F68: =IF(D68<Notes!$B$6,Notes!$C$6,IF(D68<Notes!$B$7,Notes!$C$7,IF(D68<Notes!$B$8,Notes!$C$8,Notes!$C$9))) -> 4 | G68: 0 | H68: =MIN(Notes!$B$3,MAX(1,F68+G68)) -> 4 | I68: =E68-H68 -> 66 | J68: =MIN(E68+H68,Notes!$B$2) -> 74
A69: =RANK(E69,$E$2:$E$212,0) -> 57 | B69: Bosnia and Herzegovina | C69: UEFA | D69: 3.2 | E69: 70 | F69: =IF(D69<Notes!$B$6,Notes!$C$6,IF(D69<Notes!$B$7,Notes!$C$7,IF(D69<Notes!$B$8,Notes!$C$8,Notes!$C$9))) -> 5 | G69: 0 | H69: =MIN(Notes!$B$3,MAX(1,F69+G69)) -> 5 | I69: =E69-H69 -> 65 | J69: =MIN(E69+H69,Notes!$B$2) -> 75
A70: =RANK(E70,$E$2:$E$212,0) -> 57 | B70: Guinea | C70: CAF | D70: 14.5 | E70: 70 | F70: =IF(D70<Notes!$B$6,Notes!$C$6,IF(D70<Notes!$B$7,Notes!$C$7,IF(D70<Notes!$B$8,Notes!$C$8,Notes!$C$9))) -> 4 | G70: 0 | H70: =MIN(Notes!$B$3,MAX(1,F70+G70)) -> 4 | I70: =E70-H70 -> 66 | J70: =MIN(E70+H70,Notes!$B$2) -> 74
A71: =RANK(E71,$E$2:$E$212,0) -> 63 | B71: Iceland | C71: UEFA | D71: 0.39 | E71: 69 | F71: =IF(D71<Notes!$B$6,Notes!$C$6,IF(D71<Notes!$B$7,Notes!$C$7,IF(D71<Notes!$B$8,Notes!$C$8,Notes!$C$9))) -> 5 | G71: 0 | H71: =MIN(Notes!$B$3,MAX(1,F71+G71)) -> 5 | I71: =E71-H71 -> 64 | J71: =MIN(E71+H71,Notes!$B$2) -> 74
... A92: =RANK(E92,$E$2:$E$212,0) -> 90 | B92: Bolivia | C92: CONMEBOL | D92: 12.4 | E92: 62 | F92: =IF(D92<Notes!$B$6,Notes!$C$6,IF(D92<Notes!$B$7,Notes!$C$7,IF(D92<Notes!$B$8,Notes!$C$8,Notes!$C$9))) -> 4 | G92: 0 | H92: =MIN(Notes!$B$3,MAX(1,F92+G92)) -> 4 | I92: =E92-H92 -> 58 | J92: =MIN(E92+H92,Notes!$B$2) -> 66
A93: =RANK(E93,$E$2:$E$212,0) -> 133 | B93: China | C93: AFC | D93: 1410 | E93: 50 | F93: =IF(D93<Notes!$B$6,Notes!$C$6,IF(D93<Notes!$B$7,Notes!$C$7,IF(D93<Notes!$B$8,Notes!$C$8,Notes!$C$9))) -> 2 | G93: 1 | H93: =MIN(Notes!$B$3,MAX(1,F93+G93)) -> 3 | I93: =E93-H93 -> 47 | J93: =MIN(E93+H93,Notes!$B$2) -> 53 | K93: Emerging / investment-driven programme
A94: =RANK(E94,$E$2:$E$212,0) -> 95 | B94: Libya | C94: CAF | D94: 7.4 | E94: 60 | F94: =IF(D94<Notes!$B$6,Notes!$C$6,IF(D94<Notes!$B$7,Notes!$C$7,IF(D94<Notes!$B$8,Notes!$C$8,Notes!$C$9))) -> 4 | G94: 0 | H94: =MIN(Notes!$B$3,MAX(1,F94+G94)) -> 4 | I94: =E94-H94 -> 56 | J94: =MIN(E94+H94,Notes!$B$2) -> 64
A95: =RANK(E95,$E$2:$E$212,0) -> 113 | B95: Mauritania | C95: CAF | D95: 5.2 | E95: 55 | F95: =IF(D95<Notes!$B$6,Notes!$C$6,IF(D95<Notes!$B$7,Notes!$C$7,IF(D95<Notes!$B$8,Notes!$C$8,Notes!$C$9))) -> 4 | G95: 0 | H95: =MIN(Notes!$B$3,MAX(1,F95+G95)) -> 4 | I95: =E95-H95 -> 51 | J95: =MIN(E95+H95,Notes!$B$2) -> 59
A96: =RANK(E96,$E$2:$E$212,0) -> 113 | B96: Guatemala | C96: CONCACAF | D96: 18.4 | E96: 55 | F96: =IF(D96<Notes!$B$6,Notes!$C$6,IF(D96<Notes!$B$7,Notes!$C$7,IF(D96<Notes!$B$8,Notes!$C$8,Notes!$C$9))) -> 3 | G96: 0 | H96: =MIN(Notes!$B$3,MAX(1,F96+G96)) -> 3 | I96: =E96-H96 -> 52 | J96: =MIN(E96+H96,Notes!$B$2) -> 58
A97: =RANK(E97,$E$2:$E$212,0) -> 113 | B97: Belarus | C97: UEFA | D97: 9.1 | E97: 55 | F97: =IF(D97<Notes!$B$6,Notes!$C$6,IF(D97<Notes!$B$7,Notes!$C$7,IF(D97<Notes!$B$8,Notes!$C$8,Notes!$C$9))) -> 4 | G97: 0 | H97: =MIN(Notes!$B$3,MAX(1,F97+G97)) -> 4 | I97: =E97-H97 -> 51 | J97: =MIN(E97+H97,Notes!$B$2) -> 59
A98: =RANK(E98,$E$2:$E$212,0) -> 113 | B98: Kazakhstan | C98: UEFA | D98: 20.3 | E98: 55 | F98: =IF(D98<Notes!$B$6,Notes!$C$6,IF(D98<Notes!$B$7,Notes!$C$7,IF(D98<Notes!$B$8,Notes!$C$8,Notes!$C$9))) -> 3 | G98: 0 | H98: =MIN(Notes!$B$3,MAX(1,F98+G98)) -> 3 | I98: =E98-H98 -> 52 | J98: =MIN(E98+H98,Notes!$B$2) -> 58
A99: =RANK(E99,$E$2:$E$212,0) -> 131 | B99: Bahrain | C99: AFC | D99: 1.6 | E99: 51 | F99: =IF(D99<Notes!$B$6,Notes!$C$6,IF(D99<Notes!$B$7,Notes!$C$7,IF(D99<Notes!$B$8,Notes!$C$8,Notes!$C$9))) -> 5 | G99: 0 | H99: =MIN(Notes!$B$3,MAX(1,F99+G99)) -> 5 | I99: =E99-H99 -> 46 | J99: =MIN(E99+H99,Notes!$B$2) -> 56
A100: =RANK(E100,$E$2:$E$212,0) -> 113 | B100: Indonesia | C100: AFC | D100: 281 | E100: 55 | F100: =IF(D100<Notes!$B$6,Notes!$C$6,IF(D100<Notes!$B$7,Notes!$C$7,IF(D100<Notes!$B$8,Notes!$C$8,Notes!$C$9))) -> 2 | G100: 1 | H100: =MIN(Notes!$B$3,MAX(1,F100+G100)) -> 3 | I100: =E100-H100 -> 52 | J100: =MIN(E100+H100,Notes!$B$2) -> 58 | K100: Naturalisation-driven squad
A101: =RANK(E101,$E$2:$E$212,0) -> 107 | B101: Syria | C101: AFC | D101: 25 | E101: 57 | F101: =IF(D101<Notes!$B$6,Notes!$C$6,IF(D101<Notes!$B$7,Notes!$C$7,IF(D101<Notes!$B$8,Notes!$C$8,Notes!$C$9))) -> 3 | G101: 0 | H101: =MIN(Notes!$B$3,MAX(1,F101+G101)) -> 3 | I101: =E101-H101 -> 54 | J101: =MIN(E101+H101,Notes!$B$2) -> 60
A102: =RANK(E102,$E$2:$E$212,0) -> 87 | B102: Gambia | C102: CAF | D102: 2.8 | E102: 63 | F102: =IF(D102<Notes!$B$6,Notes!$C$6,IF(D102<Notes!$B$7,Notes!$C$7,IF(D102<Notes!$B$8,Notes!$C$8,Notes!$C$9))) -> 5 | G102: 0 | H102: =MIN(Notes!$B$3,MAX(1,F102+G102)) -> 5 | I102: =E102-H102 -> 58 | J102: =MIN(E102+H102,Notes!$B$2) -> 68
A103: =RANK(E103,$E$2:$E$212,0) -> 87 | B103: Kenya | C103: CAF | D103: 56 | E103: 63 | F103: =IF(D103<Notes!$B$6,Notes!$C$6,IF(D103<Notes!$B$7,Notes!$C$7,IF(D103<Notes!$B$8,Notes!$C$8,Notes!$C$9))) -> 2 | G103: 0 | H103: =MIN(Notes!$B$3,MAX(1,F103+G103)) -> 2 | I103: =E103-H103 -> 61 | J103: =MIN(E103+H103,Notes!$B$2) -> 65
A104: =RANK(E104,$E$2:$E$212,0) -> 100 | B104: Madagascar | C104: CAF | D104: 31.9 | E104: 59 | F104: =IF(D104<Notes!$B$6,Notes!$C$6,IF(D104<Notes!$B$7,Notes!$C$7,IF(D104<Notes!$B$8,Notes!$C$8,Notes!$C$9))) -> 3 | G104: 0 | H104: =MIN(Notes!$B$3,MAX(1,F104+G104)) -> 3 | I104: =E104-H104 -> 56 | J104: =MIN(E104+H104,Notes!$B$2) -> 62
A105: =RANK(E105,$E$2:$E$212,0) -> 103 | B105: Mozambique | C105: CAF | D105: 35 | E105: 58 | F105: =IF(D105<Notes!$B$6,Notes!$C$6,IF(D105<Notes!$B$7,Notes!$C$7,IF(D105<Notes!$B$8,Notes!$C$8,Notes!$C$9))) -> 3 | G105: 0 | H105: =MIN(Notes!$B$3,MAX(1,F105+G105)) -> 3 | I105: =E105-H105 -> 55 | J105: =MIN(E105+H105,Notes!$B$2) -> 61
A106: =RANK(E106,$E$2:$E$212,0) -> 90 | B106: El Salvador | C106: CONCACAF | D106: 6.3 | E106: 62 | F106: =IF(D106<Notes!$B$6,Notes!$C$6,IF(D106<Notes!$B$7,Notes!$C$7,IF(D106<Notes!$B$8,Notes!$C$8,Notes!$C$9))) -> 4 | G106: 0 | H106: =MIN(Notes!$B$3,MAX(1,F106+G106)) -> 4 | I106: =E106-H106 -> 58 | J106: =MIN(E106+H106,Notes!$B$2) -> 66
A107: =RANK(E107,$E$2:$E$212,0) -> 95 | B107: Armenia | C107: UEFA | D107: 3 | E107: 60 | F107: =IF(D107<Notes!$B$6,Notes!$C$6,IF(D107<Notes!$B$7,Notes!$C$7,IF(D107<Notes!$B$8,Notes!$C$8,Notes!$C$9))) -> 5 | G107: 0 | H107: =MIN(Notes!$B$3,MAX(1,F107+G107)) -> 5 | I107: =E107-H107 -> 55 | J107: =MIN(E107+H107,Notes!$B$2) -> 65
A108: =RANK(E108,$E$2:$E$212,0) -> 113 | B108: Luxembourg | C108: UEFA | D108: 0.67 | E108: 55 | F108: =IF(D108<Notes!$B$6,Notes!$C$6,IF(D108<Notes!$B$7,Notes!$C$7,IF(D108<Notes!$B$8,Notes!$C$8,Notes!$C$9))) -> 5 | G108: 0 | H108: =MIN(Notes!$B$3,MAX(1,F108+G108)) -> 5 | I108: =E108-H108 -> 50 | J108: =MIN(E108+H108,Notes!$B$2) -> 60
A109: =RANK(E109,$E$2:$E$212,0) -> 113 | B109: Palestine | C109: AFC | D109: 5.5 | E109: 55 | F109: =IF(D109<Notes!$B$6,Notes!$C$6,IF(D109<Notes!$B$7,Notes!$C$7,IF(D109<Notes!$B$8,Notes!$C$8,Notes!$C$9))) -> 4 | G109: 0 | H109: =MIN(Notes!$B$3,MAX(1,F109+G109)) -> 4 | I109: =E109-H109 -> 51 | J109: =MIN(E109+H109,Notes!$B$2) -> 59
A110: =RANK(E110,$E$2:$E$212,0) -> 133 | B110: Thailand | C110: AFC | D110: 71.6 | E110: 50 | F110: =IF(D110<Notes!$B$6,Notes!$C$6,IF(D110<Notes!$B$7,Notes!$C$7,IF(D110<Notes!$B$8,Notes!$C$8,Notes!$C$9))) -> 2 | G110: 0 | H110: =MIN(Notes!$B$3,MAX(1,F110+G110)) -> 2 | I110: =E110-H110 -> 48 | J110: =MIN(E110+H110,Notes!$B$2) -> 52
A111: =RANK(E111,$E$2:$E$212,0) -> 133 | B111: Vietnam | C111: AFC | D111: 101 | E111: 50 | F111: =IF(D111<Notes!$B$6,Notes!$C$6,IF(D111<Notes!$B$7,Notes!$C$7,IF(D111<Notes!$B$8,Notes!$C$8,Notes!$C$9))) -> 2 | G111: 0 | H111: =MIN(Notes!$B$3,MAX(1,F111+G111)) -> 2 | I111: =E111-H111 -> 48 | J111: =MIN(E111+H111,Notes!$B$2) -> 52
A112: =RANK(E112,$E$2:$E$212,0) -> 145 | B112: Comoros | C112: CAF | D112: 0.87 | E112: 45 | F112: =IF(D112<Notes!$B$6,Notes!$C$6,IF(D112<Notes!$B$7,Notes!$C$7,IF(D112<Notes!$B$8,Notes!$C$8,Notes!$C$9))) -> 5 | G112: 0 | H112: =MIN(Notes!$B$3,MAX(1,F112+G112)) -> 5 | I112: =E112-H112 -> 40 | J112: =MIN(E112+H112,Notes!$B$2) -> 50
... A137: =RANK(E137,$E$2:$E$212,0) -> 113 | B137: Estonia | C137: UEFA | D137: 1.37 | E137: 55 | F137: =IF(D137<Notes!$B$6,Notes!$C$6,IF(D137<Notes!$B$7,Notes!$C$7,IF(D137<Notes!$B$8,Notes!$C$8,Notes!$C$9))) -> 5 | G137: 0 | H137: =MIN(Notes!$B$3,MAX(1,F137+G137)) -> 5 | I137: =E137-H137 -> 50 | J137: =MIN(E137+H137,Notes!$B$2) -> 60
A138: =RANK(E138,$E$2:$E$212,0) -> 133 | B138: India | C138: AFC | D138: 1450 | E138: 50 | F138: =IF(D138<Notes!$B$6,Notes!$C$6,IF(D138<Notes!$B$7,Notes!$C$7,IF(D138<Notes!$B$8,Notes!$C$8,Notes!$C$9))) -> 2 | G138: 1 | H138: =MIN(Notes!$B$3,MAX(1,F138+G138)) -> 3 | I138: =E138-H138 -> 47 | J138: =MIN(E138+H138,Notes!$B$2) -> 53 | K138: Emerging / investment-driven programme
A139: =RANK(E139,$E$2:$E$212,0) -> 109 | B139: Botswana | C139: CAF | D139: 2.5 | E139: 56 | F139: =IF(D139<Notes!$B$6,Notes!$C$6,IF(D139<Notes!$B$7,Notes!$C$7,IF(D139<Notes!$B$8,Notes!$C$8,Notes!$C$9))) -> 5 | G139: 0 | H139: =MIN(Notes!$B$3,MAX(1,F139+G139)) -> 5 | I139: =E139-H139 -> 51 | J139: =MIN(E139+H139,Notes!$B$2) -> 61
A140: =RANK(E140,$E$2:$E$212,0) -> 129 | B140: Central African Republic | C140: CAF | D140: 5.5 | E140: 52 | F140: =IF(D140<Notes!$B$6,Notes!$C$6,IF(D140<Notes!$B$7,Notes!$C$7,IF(D140<Notes!$B$8,Notes!$C$8,Notes!$C$9))) -> 4 | G140: 0 | H140: =MIN(Notes!$B$3,MAX(1,F140+G140)) -> 4 | I140: =E140-H140 -> 48 | J140: =MIN(E140+H140,Notes!$B$2) -> 56
A141: =RANK(E141,$E$2:$E$212,0) -> 123 | B141: Liberia | C141: CAF | D141: 5.6 | E141: 54 | F141: =IF(D141<Notes!$B$6,Notes!$C$6,IF(D141<Notes!$B$7,Notes!$C$7,IF(D141<Notes!$B$8,Notes!$C$8,Notes!$C$9))) -> 4 | G141: 0 | H141: =MIN(Notes!$B$3,MAX(1,F141+G141)) -> 4 | I141: =E141-H141 -> 50 | J141: =MIN(E141+H141,Notes!$B$2) -> 58
A142: =RANK(E142,$E$2:$E$212,0) -> 147 | B142: Faroe Islands | C142: UEFA | D142: 0.055 | E142: 42 | F142: =IF(D142<Notes!$B$6,Notes!$C$6,IF(D142<Notes!$B$7,Notes!$C$7,IF(D142<Notes!$B$8,Notes!$C$8,Notes!$C$9))) -> 5 | G142: 0 | H142: =MIN(Notes!$B$3,MAX(1,F142+G142)) -> 5 | I142: =E142-H142 -> 37 | J142: =MIN(E142+H142,Notes!$B$2) -> 47
A143: =RANK(E143,$E$2:$E$212,0) -> 133 | B143: Latvia | C143: UEFA | D143: 1.86 | E143: 50 | F143: =IF(D143<Notes!$B$6,Notes!$C$6,IF(D143<Notes!$B$7,Notes!$C$7,IF(D143<Notes!$B$8,Notes!$C$8,Notes!$C$9))) -> 5 | G143: 0 | H143: =MIN(Notes!$B$3,MAX(1,F143+G143)) -> 5 | I143: =E143-H143 -> 45 | J143: =MIN(E143+H143,Notes!$B$2) -> 55
A144: =RANK(E144,$E$2:$E$212,0) -> 133 | B144: Lithuania | C144: UEFA | D144: 2.89 | E144: 50 | F144: =IF(D144<Notes!$B$6,Notes!$C$6,IF(D144<Notes!$B$7,Notes!$C$7,IF(D144<Notes!$B$8,Notes!$C$8,Notes!$C$9))) -> 5 | G144: 0 | H144: =MIN(Notes!$B$3,MAX(1,F144+G144)) -> 5 | I144: =E144-H144 -> 45 | J144: =MIN(E144+H144,Notes!$B$2) -> 55
A145: =RANK(E145,$E$2:$E$212,0) -> 109 | B145: Moldova | C145: UEFA | D145: 2.4 | E145: 56 | F145: =IF(D145<Notes!$B$6,Notes!$C$6,IF(D145<Notes!$B$7,Notes!$C$7,IF(D145<Notes!$B$8,Notes!$C$8,Notes!$C$9))) -> 5 | G145: 0 | H145: =MIN(Notes!$B$3,MAX(1,F145+G145)) -> 5 | I145: =E145-H145 -> 51 | J145: =MIN(E145+H145,Notes!$B$2) -> 61
A146: =RANK(E146,$E$2:$E$212,0) -> 133 | B146: Philippines | C146: AFC | D146: 116 | E146: 50 | F146: =IF(D146<Notes!$B$6,Notes!$C$6,IF(D146<Notes!$B$7,Notes!$C$7,IF(D146<Notes!$B$8,Notes!$C$8,Notes!$C$9))) -> 2 | G146: 0 | H146: =MIN(Notes!$B$3,MAX(1,F146+G146)) -> 2 | I146: =E146-H146 -> 48 | J146: =MIN(E146+H146,Notes!$B$2) -> 52
A147: =RANK(E147,$E$2:$E$212,0) -> 148 | B147: Turkmenistan | C147: AFC | D147: 7.5 | E147: 40 | F147: =IF(D147<Notes!$B$6,Notes!$C$6,IF(D147<Notes!$B$7,Notes!$C$7,IF(D147<Notes!$B$8,Notes!$C$8,Notes!$C$9))) -> 4 | G147: 0 | H147: =MIN(Notes!$B$3,MAX(1,F147+G147)) -> 4 | I147: =E147-H147 -> 36 | J147: =MIN(E147+H147,Notes!$B$2) -> 44
A148: =RANK(E148,$E$2:$E$212,0) -> 159 | B148: Ethiopia | C148: CAF | D148: 132 | E148: 38 | F148: =IF(D148<Notes!$B$6,Notes!$C$6,IF(D148<Notes!$B$7,Notes!$C$7,IF(D148<Notes!$B$8,Notes!$C$8,Notes!$C$9))) -> 2 | G148: 0 | H148: =MIN(Notes!$B$3,MAX(1,F148+G148)) -> 2 | I148: =E148-H148 -> 36 | J148: =MIN(E148+H148,Notes!$B$2) -> 40
...

Sheet By Confederation
A1: Confederation | B1: Members | C1: Best (std) | D1: Average (std) | E1: Weakest (std) | F1: Average var
A2: UEFA | B2: =COUNTIF('National Teams'!$C$2:$C$212,A2) -> 55 | C2: =_xlfn.MAXIFS('National Teams'!$E$2:$E$212,'National Teams'!$C$2:$C$212,A2) -> 85 | D2: =AVERAGEIF('National Teams'!$C$2:$C$212,A2,'National Teams'!$E$2:$E$212) -> 66.545455 | E2: =_xlfn.MINIFS('National Teams'!$E$2:$E$212,'National Teams'!$C$2:$C$212,A2) -> 31 | F2: =AVERAGEIF('National Teams'!$C$2:$C$212,A2,'National Teams'!$H$2:$H$212) -> 4.1090909
A3: CONMEBOL | B3: =COUNTIF('National Teams'!$C$2:$C$212,A3) -> 10 | C3: =_xlfn.MAXIFS('National Teams'!$E$2:$E$212,'National Teams'!$C$2:$C$212,A3) -> 84 | D3: =AVERAGEIF('National Teams'!$C$2:$C$212,A3,'National Teams'!$E$2:$E$212) -> 75.1 | E3: =_xlfn.MINIFS('National Teams'!$E$2:$E$212,'National Teams'!$C$2:$C$212,A3) -> 62 | F3: =AVERAGEIF('National Teams'!$C$2:$C$212,A3,'National Teams'!$H$2:$H$212) -> 3.1
A4: CONCACAF | B4: =COUNTIF('National Teams'!$C$2:$C$212,A4) -> 35 | C4: =_xlfn.MAXIFS('National Teams'!$E$2:$E$212,'National Teams'!$C$2:$C$212,A4) -> 77 | D4: =AVERAGEIF('National Teams'!$C$2:$C$212,A4,'National Teams'!$E$2:$E$212) -> 46.085714 | E4: =_xlfn.MINIFS('National Teams'!$E$2:$E$212,'National Teams'!$C$2:$C$212,A4) -> 25 | F4: =AVERAGEIF('National Teams'!$C$2:$C$212,A4,'National Teams'!$H$2:$H$212) -> 4.5428571
A5: CAF | B5: =COUNTIF('National Teams'!$C$2:$C$212,A5) -> 54 | C5: =_xlfn.MAXIFS('National Teams'!$E$2:$E$212,'National Teams'!$C$2:$C$212,A5) -> 82 | D5: =AVERAGEIF('National Teams'!$C$2:$C$212,A5,'National Teams'!$E$2:$E$212) -> 57.518519 | E5: =_xlfn.MINIFS('National Teams'!$E$2:$E$212,'National Teams'!$C$2:$C$212,A5) -> 30 | F5: =AVERAGEIF('National Teams'!$C$2:$C$212,A5,'National Teams'!$H$2:$H$212) -> 3.7037037
A6: AFC | B6: =COUNTIF('National Teams'!$C$2:$C$212,A6) -> 46 | C6: =_xlfn.MAXIFS('National Teams'!$E$2:$E$212,'National Teams'!$C$2:$C$212,A6) -> 79 | D6: =AVERAGEIF('National Teams'!$C$2:$C$212,A6,'National Teams'!$E$2:$E$212) -> 48.413043 | E6: =_xlfn.MINIFS('National Teams'!$E$2:$E$212,'National Teams'!$C$2:$C$212,A6) -> 25 | F6: =AVERAGEIF('National Teams'!$C$2:$C$212,A6,'National Teams'!$H$2:$H$212) -> 3.4565217
A7: OFC | B7: =COUNTIF('National Teams'!$C$2:$C$212,A7) -> 11 | C7: =_xlfn.MAXIFS('National Teams'!$E$2:$E$212,'National Teams'!$C$2:$C$212,A7) -> 65 | D7: =AVERAGEIF('National Teams'!$C$2:$C$212,A7,'National Teams'!$E$2:$E$212) -> 30.363636 | E7: =_xlfn.MINIFS('National Teams'!$E$2:$E$212,'National Teams'!$C$2:$C$212,A7) -> 25 | F7: =AVERAGEIF('National Teams'!$C$2:$C$212,A7,'National Teams'!$H$2:$H$212) -> 4.8181818
A8: Total | B8: =SUM(B2:B7) -> 211 | C8: =MAX('National Teams'!$E$2:$E$212) -> 85 | D8: =AVERAGE('National Teams'!$E$2:$E$212) -> 55.407583 | E8: =MIN('National Teams'!$E$2:$E$212) -> 25 | F8: =AVERAGE('National Teams'!$H$2:$H$212) -> 3.9241706

Sheet Notes
A1: Settings
A2: Reputation cap (best national team) | B2: 85 | D2: User spec: best clubs 90, best national teams 85. Range high never exceeds this.
A3: Max sway (var) | B3: 5 | D3: User spec: sway is never more than 5.
A5: Population band | B5: Upper limit (m) | C5: Base var
A6: Under 5 million | B6: 5 | C6: 5 | D6: Smaller talent pools swing harder: one golden generation (Croatia, Uruguay, Iceland) moves the whole team.
A7: 5 to 15 million | B7: 15 | C7: 4
A8: 15 to 40 million | B8: 40 | C8: 3
A9: 40 million and above | B9: — | C9: 2 | D9: Large pools average out: Germany or Brazil always has depth, so they move least.
A12: Columns
A13: Reputation (std) | D13: Baseline level at game start (2026). Anchored on the FIFA men's ranking of 20 July 2026 (after the 2026 World Cup), adjusted for squad talent. Edit freely (blue).
A14: Var base | D14: Formula: set by population band above.
A15: Var modifier | D15: Manual +1 for nations whose talent supply is unusually volatile: diaspora-dependent squads, naturalisation, or investment-driven programmes. Reason in column K. Edit freely (blue).
A16: Reputation (var) | D16: Formula: base + modifier, clamped between 1 and the max sway (5). The maximum a nation can move away from its std, up or down, over a ~20-year period.
A17: Range low / high | D17: Formula: std − var and std + var, with high capped at the reputation cap.
A19: Scope | D19: All 211 FIFA member associations. Russia is included as a FIFA member but is currently suspended from UEFA and FIFA competitions. The four UK nations are listed separately with their own populations.
A20: Populations | D20: Approximate 2025 figures in millions, rounded. Only the band matters for the formula, so small inaccuracies don't change the result.
A22: Suggested engine use | D22: Each nation's current rep drifts inside [low, high] around its std, e.g. a slow wave over ~20 years with a random phase per nation, plus small yearly noise. Golden generations are the crests of that wave; nations with a high var have bigger crests and troughs.
